,isite_i,isite_j,pattern_i,pattern_j,distance
0,0,1,0,0,5.924845053918826
1,0,2,0,0,2.3263050490096577
2,0,3,0,0,1.8026316331348113
3,0,4,0,0,4.8004539338557795
4,0,5,0,0,5.388193476578643
5,0,6,0,0,6.623986384378146
6,0,7,0,0,3.327385956873142
7,0,8,0,0,4.181595980076495
8,0,9,0,0,7.541457567086515
9,0,10,0,0,5.523066440209604
10,0,11,0,0,4.542530064529788
11,0,12,0,0,4.467764186946995
12,0,13,0,0,4.361440929127219
13,0,14,0,0,5.83272977346202
14,0,15,0,0,4.8150864181000905
15,1,2,0,0,6.058521990698006
16,1,3,0,0,6.143633139374094
17,1,4,0,0,3.459687726033611
18,1,5,0,0,5.615793397208291
19,1,6,0,0,5.9236608990670785
20,1,7,0,0,6.212601614621489
21,1,8,0,0,5.215808252329994
22,1,9,0,0,4.080677994113192
23,1,10,0,0,4.542619076320954
24,1,11,0,0,4.685889428911163
25,1,12,0,0,3.8118739676999134
26,1,13,0,0,4.290872321616239
27,1,14,0,0,4.81472077806584
28,1,15,0,0,3.496717322811925
29,2,3,0,0,2.891189292490173
30,2,4,0,0,3.854187109369401
31,2,5,0,0,5.9236608990670785
32,2,6,0,0,5.615793397208291
33,2,7,0,0,4.178672138647168
34,2,8,0,0,4.542619076658544
35,2,9,0,0,6.722040187532075
36,2,10,0,0,5.21580825294201
37,2,11,0,0,4.181496091611785
38,2,12,0,0,4.261085384633864
39,2,13,0,0,3.579776259206003
40,2,14,0,0,4.791412138832702
41,2,15,0,0,5.4478519568816886
42,3,4,0,0,3.3214684697613412
43,3,5,0,0,5.9056981351134805
44,3,6,0,0,6.454142876156664
45,3,7,0,0,4.796970783621978
46,3,8,0,0,3.3928465888915977
47,3,9,0,0,7.259778833869539
48,3,10,0,0,4.707876424568657
49,3,11,0,0,4.750140302364273
50,3,12,0,0,4.934271187676524
51,3,13,0,0,3.4945450848869144
52,3,14,0,0,5.275733244665783
53,3,15,0,0,5.922088491463788
54,4,5,0,0,5.293157413843193
55,4,6,0,0,4.637022322555598
56,4,7,0,0,4.8943353789645405
57,4,8,0,0,4.092623953671388
58,4,9,0,0,4.793893284260377
59,4,10,0,0,2.7384042670234767
60,4,11,0,0,3.6559628689514043
61,4,12,0,0,3.652093096799046
62,4,13,0,0,3.503272868324599
63,4,14,0,0,4.709403725649398
64,4,15,0,0,4.840717955863994
65,5,6,0,0,3.4960317082806363
66,5,7,0,0,3.73831865671534
67,5,8,0,0,4.851306968809588
68,5,9,0,0,4.270461163199271
69,5,10,0,0,5.707863555668112
70,5,11,0,0,5.765625326281586
71,5,12,0,0,3.912371950404673
72,5,13,0,0,5.454155255542653
73,5,14,0,0,2.61563510116143
74,5,15,0,0,3.322773869422262
75,6,7,0,0,4.91002555103966
76,6,8,0,0,5.707863555673569
77,6,9,0,0,2.130620560163927
78,6,10,0,0,4.85130696784128
79,6,11,0,0,5.068991099527557
80,6,12,0,0,5.8117683974400665
81,6,13,0,0,4.714052927123853
82,6,14,0,0,4.126951513378232
83,6,15,0,0,3.650456821682505
84,7,8,0,0,5.737438372068629
85,7,9,0,0,5.769616733918653
86,7,10,0,0,5.7492068458638865
87,7,11,0,0,4.437405070567913
88,7,12,0,0,2.6231565975250035
89,7,13,0,0,5.283856002802309
90,7,14,0,0,4.233904719449053
91,7,15,0,0,4.890866413371336
92,8,9,0,0,5.271738778864925
93,8,10,0,0,2.9580011687618915
94,8,11,0,0,3.035819215167039
95,8,12,0,0,5.4525316936096315
96,8,13,0,0,4.509348151588722
97,8,14,0,0,5.817038213579548
98,8,15,0,0,4.763484177992304
99,9,10,0,0,4.0026539605607345
100,9,11,0,0,4.114217177057082
101,9,12,0,0,5.107299996911255
102,9,13,0,0,5.463030944032073
103,9,14,0,0,3.8560765973596607
104,9,15,0,0,3.977869248917478
105,10,11,0,0,3.151971885415093
106,10,12,0,0,5.862767293285777
107,10,13,0,0,4.610619717935972
108,10,14,0,0,5.020348083136374
109,10,15,0,0,5.697531183635101
110,11,12,0,0,4.529809194589077
111,11,13,0,0,4.080664953660441
112,11,14,0,0,5.111837940999015
113,11,15,0,0,5.021496691543274
114,12,13,0,0,5.1220895100779025
115,12,14,0,0,3.0024762898171606
116,12,15,0,0,5.271784922990504
117,13,14,0,0,5.563757137081611
118,13,15,0,0,3.002295540905207
119,14,15,0,0,4.625563289410952
120,0,1,0,1,2.8912245603019984
121,0,2,0,1,6.816979379277033
122,0,3,0,1,5.8363993313556035
123,0,4,0,1,3.9960978826430242
124,0,5,0,1,6.310029111993336
125,0,6,0,1,6.197255011420805
126,0,7,0,1,5.9074833717953235
127,0,8,0,1,4.195068968281074
128,0,9,0,1,4.7434006478617485
129,0,10,0,1,4.9561335639237045
130,0,11,0,1,4.070010869983269
131,0,12,0,1,5.272249289933284
132,0,13,0,1,3.9670407620255004
133,0,14,0,1,7.077342264749622
134,0,15,0,1,3.5728340235360556
135,1,2,0,1,1.802895170945085
136,1,3,0,1,2.609907709525272
137,1,4,0,1,3.9309534992372224
138,1,5,0,1,6.35673439729346
139,1,6,0,1,6.084855901633438
140,1,7,0,1,3.0881537518947075
141,1,8,0,1,4.74380795327826
142,1,9,0,1,6.638716829851719
143,1,10,0,1,5.146590230904421
144,1,11,0,1,3.3936380042282686
145,1,12,0,1,3.96605763979628
146,1,13,0,1,4.020015351372678
147,1,14,0,1,4.5597866737748305
148,1,15,0,1,6.111763622579107
149,2,3,0,1,6.548955147087843
150,2,4,0,1,3.7192697033888282
151,2,5,0,1,6.084855901633437
152,2,6,0,1,6.35673439729346
153,2,7,0,1,6.092383982132393
154,2,8,0,1,5.146590230636182
155,2,9,0,1,4.9562855590994905
156,2,10,0,1,4.743807953382403
157,2,11,0,1,4.660915013942519
158,2,12,0,1,4.2455462424439565
159,2,13,0,1,3.9834293108567413
160,2,14,0,1,5.922010940783634
161,2,15,0,1,4.363927767447803
162,3,4,0,1,4.829804409389977
163,3,5,0,1,6.892613980023739
164,3,6,0,1,6.091153120455777
165,3,7,0,1,5.385838710598833
166,3,8,0,1,5.135091312707053
167,3,9,0,1,4.540047204377446
168,3,10,0,1,4.083487825637415
169,3,11,0,1,3.6540212252367095
170,3,12,0,1,5.832395369749914
171,3,13,0,1,4.259815805505185
172,3,14,0,1,6.868250319154526
173,3,15,0,1,4.018110847100147
174,4,5,0,1,6.401857941698714
175,4,6,0,1,4.637609721054855
176,4,7,0,1,3.73421798076231
177,4,8,0,1,4.878570971479554
178,4,9,0,1,4.4355170874539676
179,4,10,0,1,3.7684512353346724
180,4,11,0,1,3.019286726566307
181,4,12,0,1,4.228952978925527
182,4,13,0,1,4.119503813239395
183,4,14,0,1,4.965545713602096
184,4,15,0,1,5.796817496032928
185,5,6,0,1,2.354574376086218
186,5,7,0,1,3.5422898016569526
187,5,8,0,1,4.644403854607841
188,5,9,0,1,3.362859126788987
189,5,10,0,1,5.852777504273294
190,5,11,0,1,4.596494837766164
191,5,12,0,1,5.138879300045639
192,5,13,0,1,5.907157224731886
193,5,14,0,1,4.722202974558667
194,5,15,0,1,4.117443368371887
195,6,7,0,1,4.5796413669185805
196,6,8,0,1,5.852777503798805
197,6,9,0,1,3.7903749620053726
198,6,10,0,1,4.644403854233058
199,6,11,0,1,5.744517717410581
200,6,12,0,1,4.834780766230336
201,6,13,0,1,4.971089305620488
202,6,14,0,1,3.498517396189028
203,6,15,0,1,4.233020517498844
204,7,8,0,1,2.136502773733009
205,7,9,0,1,3.651592082714029
206,7,10,0,1,4.08900173530082
207,7,11,0,1,3.3837734303228926
208,7,12,0,1,4.713204970278222
209,7,13,0,1,4.753277340408892
210,7,14,0,1,5.133672442564313
211,7,15,0,1,4.113432952215827
212,8,9,0,1,5.536954999684193
213,8,10,0,1,4.794888399617899
214,8,11,0,1,4.989959670849725
215,8,12,0,1,3.826047505554617
216,8,13,0,1,4.851135814026071
217,8,14,0,1,5.189983587470005
218,8,15,0,1,4.079413758472096
219,9,10,0,1,5.3406044066142115
220,9,11,0,1,4.796941663228254
221,9,12,0,1,3.9442269496704263
222,9,13,0,1,5.697554129027447
223,9,14,0,1,2.605677010576443
224,9,15,0,1,5.181296607662504
225,10,11,0,1,5.5470677247786355
226,10,12,0,1,4.712913035253129
227,10,13,0,1,4.000892806423105
228,10,14,0,1,4.518209429161407
229,10,15,0,1,5.4605121052838355
230,11,12,0,1,2.615722050343794
231,11,13,0,1,4.714843566139839
232,11,14,0,1,3.7887457761369676
233,11,15,0,1,4.5172484566890585
234,12,13,0,1,4.62014882048575
235,12,14,0,1,3.8007540709453096
236,12,15,0,1,5.264800489605687
237,13,14,0,1,5.561378473539733
238,13,15,0,1,3.787290788568772
239,14,15,0,1,5.117146492452667
240,0,1,0,2,3.0303028480640254e-18
241,0,2,0,2,6.144834282741462
242,0,3,0,2,6.144834282673401
243,0,4,0,2,6.4510246713032995
244,0,5,0,2,6.4510246707448
245,0,6,0,2,3.327385957845806
246,0,7,0,2,3.630644110091709
247,0,8,0,2,4.74234932936749
248,0,9,0,2,4.72046607365741
249,0,10,0,2,3.3948277168142553
250,0,11,0,2,5.523066440358477
251,0,12,0,2,4.280532970342377
252,0,13,0,2,4.28053297033952
253,0,14,0,2,6.1138155154314235
254,0,15,0,2,4.94507455193033
255,1,2,0,2,6.1198070511394445
256,1,3,0,2,6.1198070509227955
257,1,4,0,2,4.797993442204574
258,1,5,0,2,4.797993443177299
259,1,6,0,2,6.212601614120117
260,1,7,0,2,3.8541871093693993
261,1,8,0,2,4.181496091611785
262,1,9,0,2,7.197618008770229
263,1,10,0,2,6.722040187532071
264,1,11,0,2,4.542619076658543
265,1,12,0,2,6.866866255664745
266,1,13,0,2,6.866866255664769
267,1,14,0,2,4.943041358016681
268,1,15,0,2,3.579776259622046
269,2,3,0,2,6.555895418573901
270,2,4,0,2,6.8936309076702935
271,2,5,0,2,6.893630908643016
272,2,6,0,2,4.178672139699862
273,2,7,0,2,3.459687726033612
274,2,8,0,2,4.685889428911163
275,2,9,0,2,5.134273776916994
276,2,10,0,2,4.080677994113192
277,2,11,0,2,5.215808252329997
278,2,12,0,2,4.943041358019683
279,2,13,0,2,4.94304135801668
280,2,14,0,2,6.8668662556647675
281,2,15,0,2,4.290872321616412
282,3,4,0,2,6.628906333648737
283,3,5,0,2,6.62890633311203
284,3,6,0,2,4.7969707845944125
285,3,7,0,2,3.375699161628374
286,3,8,0,2,3.204287972878463
287,3,9,0,2,5.513421396967378
288,3,10,0,2,4.17695526393534
289,3,11,0,2,4.707876424289994
290,3,12,0,2,3.969200790753269
291,3,13,0,2,3.969200791336932
292,3,14,0,2,5.449132664832135
293,3,15,0,2,4.477704778614442
294,4,5,0,2,4.9179051129025035
295,4,6,0,2,4.894335379691684
296,4,7,0,2,2.353734104795629
297,4,8,0,2,2.583657065926536
298,4,9,0,2,5.742661311620082
299,4,10,0,2,5.74931885018419
300,4,11,0,2,2.7384042675700124
301,4,12,0,2,5.59734751421822
302,4,13,0,2,5.5973475142185425
303,4,14,0,2,5.190394633429994
304,4,15,0,2,2.6169202520255888
305,5,6,0,2,3.7383186562778725
306,5,7,0,2,4.637022322555601
307,5,8,0,2,5.068991099527558
308,5,9,0,2,4.092569806930028
309,5,10,0,2,2.1306205601639268
310,5,11,0,2,5.70786355567357
311,5,12,0,2,4.90463491524429
312,5,13,0,2,4.904634915244252
313,5,14,0,2,4.532942156730624
314,5,15,0,2,4.71405292753989
315,6,7,0,2,5.293157413843196
316,6,8,0,2,5.765625326281586
317,6,9,0,2,3.6542873675519085
318,6,10,0,2,4.270461163199271
319,6,11,0,2,4.851306968809586
320,6,12,0,2,4.532942157146665
321,6,13,0,2,4.5329421567306225
322,6,14,0,2,4.9046349152442525
323,6,15,0,2,5.454155255540825
324,7,8,0,2,5.873272335064294
325,7,9,0,2,2.747867839071402
326,7,10,0,2,4.096785232926766
327,7,11,0,2,5.749206845369024
328,7,12,0,2,3.3182280102467265
329,7,13,0,2,3.318228010241966
330,7,14,0,2,5.908821403499722
331,7,15,0,2,3.6541803575941065
332,8,9,0,2,5.291101334329775
333,8,10,0,2,4.002653960592776
334,8,11,0,2,2.958001168321651
335,8,12,0,2,3.929015618958934
336,8,13,0,2,3.9290156205499045
337,8,14,0,2,3.8593082132271945
338,8,15,0,2,4.610619717538606
339,9,10,0,2,5.121422085081536
340,9,11,0,2,4.002653960592779
341,9,12,0,2,5.016265956880083
342,9,13,0,2,5.01626595646404
343,9,14,0,2,4.6872637218673985
344,9,15,0,2,4.9205397581848525
345,10,11,0,2,3.0303034216430104e-18
346,10,12,0,2,3.859308213636641
347,10,13,0,2,3.859308213636324
348,10,14,0,2,3.9290156206783613
349,10,15,0,2,4.509348151999954
350,11,12,0,2,4.609389077686579
351,11,13,0,2,4.609389077683726
352,11,14,0,2,5.46049906211929
353,11,15,0,2,3.93771781013796
354,12,13,0,2,4.6204063979610135
355,12,14,0,2,5.561048064974362
356,12,15,0,2,1.3557189461169612
357,13,14,0,2,4.955226018000292
358,13,15,0,2,4.189069650833562
359,14,15,0,2,3.4845836470500506
360,0,1,0,3,5.443266263347136
361,0,2,0,3,6.14534489679414
362,0,3,0,3,6.145344896779662
363,0,4,0,3,4.176674488909727
364,0,5,0,3,4.176674489961813
365,0,6,0,3,5.907483371616141
366,0,7,0,3,3.089673838050371
367,0,8,0,3,4.0830827839963435
368,0,9,0,3,6.632635712431221
369,0,10,0,3,6.938638089259028
370,0,11,0,3,4.95613356452551
371,0,12,0,3,5.922678108867898
372,0,13,0,3,5.922678108868464
373,0,14,0,3,4.246246834518637
374,0,15,0,3,4.582890319670681
375,1,2,0,3,6.811302665419879
376,1,3,0,3,6.811302665855357
377,1,4,0,3,6.30999579814725
378,1,5,0,3,6.309995799119912
379,1,6,0,3,3.0881537527684966
380,1,7,0,3,3.719269703388828
381,1,8,0,3,4.660915013942518
382,1,9,0,3,4.202706025579086
383,1,10,0,3,4.956285559099488
384,1,11,0,3,5.146590230636183
385,1,12,0,3,4.466318749877766
386,1,13,0,3,4.466318749874763
387,1,14,0,3,7.078262424454819
388,1,15,0,3,3.9834293102675824
389,2,3,0,3,6.3814105563024
390,2,4,0,3,3.328822063813642
391,2,5,0,3,3.3288220647863054
392,2,6,0,3,6.0923839819335734
393,2,7,0,3,3.9309534992372224
394,2,8,0,3,3.393638004228269
395,2,9,0,3,6.941215631959093
396,2,10,0,3,6.638716829851716
397,2,11,0,3,4.743807953278261
398,2,12,0,3,7.078262424870858
399,2,13,0,3,7.078262424454817
400,2,14,0,3,4.466318749874759
401,2,15,0,3,4.020015351788724
402,3,4,0,3,3.092501970005234
403,3,5,0,3,3.092501970874082
404,3,6,0,3,5.3858387100545615
405,3,7,0,3,4.162616824289994
406,3,8,0,3,4.967623018120644
407,3,9,0,3,6.7141719494817
408,3,10,0,3,7.194203824920658
409,3,11,0,3,4.083487826191612
410,3,12,0,3,4.814976326443182
411,3,13,0,3,4.814976326443474
412,3,14,0,3,3.96132443978928
413,3,15,0,3,5.539569106375699
414,4,5,0,3,2.9635933109417163
415,4,6,0,3,3.734217981627705
416,4,7,0,3,3.4672889781306275
417,4,8,0,3,4.098216829877586
418,4,9,0,3,5.069045775850662
419,4,10,0,3,6.0867712892385395
420,4,11,0,3,3.768451236175776
421,4,12,0,3,4.8793442921753245
422,4,13,0,3,4.879344292173948
423,4,14,0,3,4.7436606051131704
424,4,15,0,3,4.720534343344152
425,5,6,0,3,3.5422898014210067
426,5,7,0,3,4.6384503763282
427,5,8,0,3,5.744517717410583
428,5,9,0,3,2.5901446862467443
429,5,10,0,3,3.7903749620053704
430,5,11,0,3,5.852777503798805
431,5,12,0,3,4.111850262881143
432,5,13,0,3,4.111850262877079
433,5,14,0,3,5.2883538889963715
434,5,15,0,3,4.971089305619277
435,6,7,0,3,6.39569102957644
436,6,8,0,3,4.596494837766164
437,6,9,0,3,3.013856438945498
438,6,10,0,3,3.3628591267889845
439,6,11,0,3,4.644403854607841
440,6,12,0,3,5.288353889412411
441,6,13,0,3,5.2883538889963715
442,6,14,0,3,4.111850262877084
443,6,15,0,3,5.907157224733922
444,7,8,0,3,3.7708472947846845
445,7,9,0,3,5.705581608120958
446,7,10,0,3,4.860895232058946
447,7,11,0,3,4.089001735313476
448,7,12,0,3,4.837355751984504
449,7,13,0,3,4.837355751568464
450,7,14,0,3,4.115678353664611
451,7,15,0,3,3.9155283757322064
452,8,9,0,3,5.25701272554374
453,8,10,0,3,5.344190995057589
454,8,11,0,3,4.794888399421157
455,8,12,0,3,3.7892772324176196
456,8,13,0,3,3.7892772327321955
457,8,14,0,3,4.520382103707543
458,8,15,0,3,4.000892806011928
459,9,10,0,3,3.010294614523424
460,9,11,0,3,5.340604406896139
461,9,12,0,3,4.850473317186996
462,9,13,0,3,4.850473317184273
463,9,14,0,3,4.761240121092774
464,9,15,0,3,4.521134155164405
465,10,11,0,3,4.976851140943014
466,10,12,0,3,4.5203821034054394
467,10,13,0,3,4.520382103402083
468,10,14,0,3,3.789277233141039
469,10,15,0,3,4.851135814476276
470,11,12,0,3,5.188524192755151
471,11,13,0,3,5.188524192756645
472,11,14,0,3,5.453663916467703
473,11,15,0,3,3.1492632695990546
474,12,13,0,3,5.232072072018197
475,12,14,0,3,5.126440057349568
476,12,15,0,3,3.004625413263725
477,13,14,0,3,5.259915737660559
478,13,15,0,3,5.127845707993833
479,14,15,0,3,3.5469002225699873
480,0,1,0,4,5.918275592259315
481,0,2,0,4,1.8026316325410336
482,0,3,0,4,2.3263050491314368
483,0,4,0,4,3.4588153062229448
484,0,5,0,4,6.370409858081263
485,0,6,0,4,3.8490004272216853
486,0,7,0,4,5.9281509142866025
487,0,8,0,4,5.21728688690708
488,0,9,0,4,4.181595979633212
489,0,10,0,4,7.2579288626392255
490,0,11,0,4,4.684422817128924
491,0,12,0,4,5.448463153693573
492,0,13,0,4,5.538476598966343
493,0,14,0,4,4.563796320975734
494,0,15,0,4,6.113815515430861
495,1,2,0,4,6.143633139388209
496,1,3,0,4,6.058521990026178
497,1,4,0,4,6.45616790405394
498,1,5,0,4,4.178672139699861
499,1,6,0,4,6.893630908643018
500,1,7,0,4,4.838887070943331
501,1,8,0,4,4.742722426338704
502,1,9,0,4,5.21580825294201
503,1,10,0,4,5.134273776916993
504,1,11,0,4,5.524464885190036
505,1,12,0,4,4.791412160874456
506,1,13,0,4,5.447851962627409
507,1,14,0,4,4.261085384633919
508,1,15,0,4,4.943041358019681
509,2,3,0,4,3.0303032268261408e-18
510,2,4,0,4,3.631172567356797
511,2,5,0,4,6.212601614120115
512,2,6,0,4,4.7979934431772975
513,2,7,0,4,5.396357822712402
514,2,8,0,4,5.524464885190037
515,2,9,0,4,4.542619076320958
516,2,10,0,4,7.197618008770225
517,2,11,0,4,4.742722426338703
518,2,12,0,4,4.814720778474921
519,2,13,0,4,3.4967173069441917
520,2,14,0,4,3.811873967698724
521,2,15,0,4,6.866866255664746
522,3,4,0,4,3.717676474811085
523,3,5,0,4,5.9194381356141
524,3,6,0,4,3.931836191662116
525,3,7,0,4,6.3365970622283845
526,3,8,0,4,5.158804890482805
527,3,9,0,4,3.3928465885890957
528,3,10,0,4,7.54556302512148
529,3,11,0,4,4.65917545727373
530,3,12,0,4,6.111218598781316
531,3,13,0,4,4.581612690683483
532,3,14,0,4,4.786269304418463
533,3,15,0,4,5.4491326648318505
534,4,5,0,4,4.471779674815053
535,4,6,0,4,4.740651248309471
536,4,7,0,4,4.619489453427072
537,4,8,0,4,4.274382314934205
538,4,9,0,4,4.092623953500308
539,4,10,0,4,5.7691730899519875
540,4,11,0,4,3.797262871525561
541,4,12,0,4,5.9135068630411585
542,4,13,0,4,3.9137394030670856
543,4,14,0,4,4.119677257497969
544,4,15,0,4,5.190394633431371
545,5,6,0,4,4.624074374614898
546,5,7,0,4,4.73862186626711
547,5,8,0,4,4.797218627017375
548,5,9,0,4,4.8513069678412855
549,5,10,0,4,3.654287367551908
550,5,11,0,4,6.095164371776334
551,5,12,0,4,4.126951525791873
552,5,13,0,4,3.6504568108060385
553,5,14,0,4,5.811768397024028
554,5,15,0,4,4.532942157146663
555,6,7,0,4,2.947819342220931
556,6,8,0,4,6.095164371776332
557,6,9,0,4,5.707863555668112
558,6,10,0,4,4.0925698069300225
559,6,11,0,4,4.797218627017372
560,6,12,0,4,2.615635113216423
561,6,13,0,4,3.3227738633042327
562,6,14,0,4,3.9123719504048875
563,6,15,0,4,4.904634915244284
564,7,8,0,4,4.603996324414753
565,7,9,0,4,5.737438372541931
566,7,10,0,4,4.791217794863808
567,7,11,0,4,4.657648062289611
568,7,12,0,4,5.197538570612104
569,7,13,0,4,4.729777978255558
570,7,14,0,4,4.904271948354346
571,7,15,0,4,5.908821403500454
572,8,9,0,4,3.0303036022786527e-18
573,8,10,0,4,5.147128241092626
574,8,11,0,4,4.098186609560797
575,8,12,0,4,5.020348085100441
576,8,13,0,4,5.697531192628872
577,8,14,0,4,5.862767292875048
578,8,15,0,4,3.859308213227509
579,9,10,0,4,2.9712985676086285
580,9,11,0,4,4.986125677004431
581,9,12,0,4,3.8143132599327347
582,9,13,0,4,3.794059457176884
583,9,14,0,4,4.606884521125849
584,9,15,0,4,4.687263721870117
585,10,11,0,4,3.1552929093138222
586,10,12,0,4,5.817038222798424
587,10,13,0,4,4.763484191630007
588,10,14,0,4,5.452531693960475
589,10,15,0,4,3.9290156190873873
590,11,12,0,4,4.763938296606346
591,11,13,0,4,4.915751028000997
592,11,14,0,4,4.519232773997769
593,11,15,0,4,5.460499062117811
594,12,13,0,4,3.482286320647683
595,12,14,0,4,4.83581077455904
596,12,15,0,4,5.5610480653903975
597,13,14,0,4,1.35571894611696
598,13,15,0,4,4.955226018002647
599,14,15,0,4,5.235065691360246
600,0,1,0,5,6.554105110516355
601,0,2,0,5,5.836399331633519
602,0,3,0,5,6.816979379718349
603,0,4,0,5,5.6147539855032464
604,0,5,0,5,3.929779470179898
605,0,6,0,5,6.08502744766729
606,0,7,0,5,3.720771302137407
607,0,8,0,5,3.6473011600865717
608,0,9,0,5,4.1950689678987665
609,0,10,0,5,5.142553696010983
610,0,11,0,5,5.134175019319199
611,0,12,0,5,3.8039485996539426
612,0,13,0,5,6.866891065316203
613,0,14,0,5,3.9867940918738087
614,0,15,0,5,4.246246834521498
615,1,2,0,5,2.6099077088567664
616,1,3,0,5,1.8028951715388148
617,1,4,0,5,3.374785589955967
618,1,5,0,5,6.092383981933573
619,1,6,0,5,3.328822064786304
620,1,7,0,5,5.916556897513153
621,1,8,0,5,4.720602534338303
622,1,9,0,5,4.743807953382404
623,1,10,0,5,6.941215631959086
624,1,11,0,5,3.211347698790318
625,1,12,0,5,5.922010933179783
626,1,13,0,5,4.363927762449966
627,1,14,0,5,4.245546242444162
628,1,15,0,5,7.078262424870863
629,2,3,0,5,6.440037683182831
630,2,4,0,5,6.622997068895609
631,2,5,0,5,3.0881537527684952
632,2,6,0,5,6.309995799119912
633,2,7,0,5,3.9984050315791175
634,2,8,0,5,3.211347698790319
635,2,9,0,5,5.14659023090442
636,2,10,0,5,4.2027060255790865
637,2,11,0,5,4.720602534338304
638,2,12,0,5,4.559786664549076
639,2,13,0,5,6.1117636395979895
640,2,14,0,5,3.9660576397979317
641,2,15,0,5,4.466318749877765
642,3,4,0,5,6.081189968175217
643,3,5,0,5,3.8514004424511197
644,3,6,0,5,5.631237719938259
645,3,7,0,5,3.461125281941442
646,3,8,0,5,4.053822009902717
647,3,9,0,5,5.135091312161928
648,3,10,0,5,5.209446829959792
649,3,11,0,5,4.209792077569561
650,3,12,0,5,4.243732575332942
651,3,13,0,5,7.076783076217249
652,3,14,0,5,4.296231987785967
653,3,15,0,5,3.9613244397914613
654,4,5,0,5,2.967563792641054
655,4,6,0,5,3.732729942068006
656,4,7,0,5,3.731652852718152
657,4,8,0,5,3.3772449838460474
658,4,9,0,5,4.878570971508256
659,4,10,0,5,4.605222576057012
660,4,11,0,5,2.1360903505332525
661,4,12,0,5,5.445447082706985
662,4,13,0,5,5.131961410673678
663,4,14,0,5,3.3181937191212088
664,4,15,0,5,4.7436606051128365
665,5,6,0,5,3.733120578793062
666,5,7,0,5,3.7161192379466903
667,5,8,0,5,4.438577334313842
668,5,9,0,5,4.644403854233059
669,5,10,0,5,3.013856438945493
670,5,11,0,5,5.737719118308672
671,5,12,0,5,3.4985173882602614
672,5,13,0,5,4.233020496387534
673,5,14,0,5,4.834780765814298
674,5,15,0,5,5.2883538894124085
675,6,7,0,5,4.9101686740480925
676,6,8,0,5,5.737719118308674
677,6,9,0,5,5.8527775042732975
678,6,10,0,5,2.590144686246745
679,6,11,0,5,4.43857733431384
680,6,12,0,5,4.722203001303122
681,6,13,0,5,4.117443373247765
682,6,14,0,5,5.138879299629598
683,6,15,0,5,4.11185026288115
684,7,8,0,5,3.013639822840827
685,7,9,0,5,2.136502774210719
686,7,10,0,5,4.261093229048735
687,7,11,0,5,4.8860850362297095
688,7,12,0,5,4.534620518054921
689,7,13,0,5,4.969430517924975
690,7,14,0,5,5.603188001527932
691,7,15,0,5,4.115678353669376
692,8,9,0,5,4.976851140943017
693,8,10,0,5,4.988000292019626
694,8,11,0,5,5.376145282678953
695,8,12,0,5,4.5182094262737955
696,8,13,0,5,5.460512104747013
697,8,14,0,5,4.712913034676989
698,8,15,0,5,4.520382103710899
699,9,10,0,5,4.100381848773302
700,9,11,0,5,4.992244625312295
701,9,12,0,5,5.454383296110678
702,9,13,0,5,3.137249229867595
703,9,14,0,5,5.8136423211703825
704,9,15,0,5,4.7612401210918724
705,10,11,0,5,5.255674228522372
706,10,12,0,5,5.189983607198964
707,10,13,0,5,4.079413760800556
708,10,14,0,5,3.8260475059658257
709,10,15,0,5,3.7892772328264606
710,11,12,0,5,5.870857688890197
711,11,13,0,5,3.8590511091478397
712,11,14,0,5,4.85660049029925
713,11,15,0,5,5.453663916470555
714,12,13,0,5,3.5453464042193157
715,12,14,0,5,4.952405840795764
716,12,15,0,5,5.1264400573514175
717,13,14,0,5,3.004689814720033
718,13,15,0,5,5.259915737663505
719,14,15,0,5,5.114244869998608
720,0,1,0,6,6.381642378485307
721,0,2,0,6,6.054773930677495
722,0,3,0,6,6.118561894466585
723,0,4,0,6,6.370409858404666
724,0,5,0,6,3.458815305937981
725,0,6,0,6,5.928150914305401
726,0,7,0,6,3.849000427412145
727,0,8,0,6,7.541457566692787
728,0,9,0,6,7.198928874166533
729,0,10,0,6,4.542530064192162
730,0,11,0,6,3.3948277171137407
731,0,12,0,6,4.361440929128112
732,0,13,0,6,4.467764186946906
733,0,14,0,6,4.815086421759533
734,0,15,0,6,3.4895232082143175
735,1,2,0,6,5.78441643974772
736,1,3,0,6,5.84782645114611
737,1,4,0,6,4.17867213864717
738,1,5,0,6,6.456167903492955
739,1,6,0,6,4.838887071524002
740,1,7,0,6,6.893630907670294
741,1,8,0,6,4.0806779946675755
742,1,9,0,6,3.644529952102011
743,1,10,0,6,4.685889428389101
744,1,11,0,6,6.722040187093514
745,1,12,0,6,4.290872321616414
746,1,13,0,6,3.811873967698727
747,1,14,0,6,3.496717306944195
748,1,15,0,6,5.834586095881001
749,2,3,0,6,6.4568012831759765
750,2,4,0,6,6.212601614621486
751,2,5,0,6,3.6311725679572375
752,2,6,0,6,5.396357822169173
753,2,7,0,6,4.797993442204573
754,2,8,0,6,6.722040187093522
755,2,9,0,6,7.260646971410466
756,2,10,0,6,4.181496091168421
757,2,11,0,6,4.080677994667575
758,2,12,0,6,3.579776259622046
759,2,13,0,6,4.261085384633921
760,2,14,0,6,5.447851962627408
761,2,15,0,6,5.536400679116751
762,3,4,0,6,5.919438135606796
763,3,5,0,6,3.717676474488253
764,3,6,0,6,6.336597061907448
765,3,7,0,6,3.9318361906898414
766,3,8,0,6,7.259778833404654
767,3,9,0,6,6.933375867589614
768,3,10,0,6,4.750140302467273
769,3,11,0,6,4.176955264375017
770,3,12,0,6,3.4945450848877706
771,3,13,0,6,4.934271187676285
772,3,14,0,6,5.922088501142494
773,3,15,0,6,4.360688555005011
774,4,5,0,6,4.920627039193734
775,4,6,0,6,4.619489454068639
776,4,7,0,6,4.740651247337176
777,4,8,0,6,4.793893283791247
778,4,9,0,6,4.857366967746407
779,4,10,0,6,3.65596286922921
780,4,11,0,6,5.749318849709641
781,4,12,0,6,3.5032728683243053
782,4,13,0,6,3.652093096799283
783,4,14,0,6,4.840717947588455
784,4,15,0,6,5.287368585973587
785,5,6,0,6,4.738621867238479
786,5,7,0,6,4.624074373971676
787,5,8,0,6,4.270461162776407
788,5,9,0,6,4.105066631245209
789,5,10,0,6,5.765625326477516
790,5,11,0,6,2.130620559688653
791,5,12,0,6,5.4541552555408295
792,5,13,0,6,3.9123719504048866
793,5,14,0,6,3.322773863304232
794,5,15,0,6,4.742047611610715
795,6,7,0,6,4.57172141336015
796,6,8,0,6,2.1306205596886536
797,6,9,0,6,3.7753314769872803
798,6,10,0,6,5.068991100032964
799,6,11,0,6,4.270461162776404
800,6,12,0,6,4.714052927539891
801,6,13,0,6,5.811768397024023
802,6,14,0,6,3.6504568108060353
803,6,15,0,6,5.597852595552789
804,7,8,0,6,5.769616733719703
805,7,9,0,6,6.090259467999585
806,7,10,0,6,4.437405070871368
807,7,11,0,6,4.096785233098579
808,7,12,0,6,5.283856003218347
809,7,13,0,6,2.623156597526149
810,7,14,0,6,4.8908663954738625
811,7,15,0,6,3.507104283956656
812,8,9,0,6,4.658857452348254
813,8,10,0,6,3.035819214612884
814,8,11,0,6,4.002653960624405
815,8,12,0,6,4.509348151590581
816,8,13,0,6,5.452531693609736
817,8,14,0,6,4.763484191102247
818,8,15,0,6,4.914911541307983
819,9,10,0,6,4.1142171760884665
820,9,11,0,6,5.121422084486821
821,9,12,0,6,5.463030944030786
822,9,13,0,6,5.107299996495215
823,9,14,0,6,3.977869242224668
824,9,15,0,6,5.863726852545359
825,10,11,0,6,5.271738779313652
826,10,12,0,6,4.6106197179361
827,10,13,0,6,5.86276729328416
828,10,14,0,6,5.697531192969681
829,10,15,0,6,5.107342744901828
830,11,12,0,6,4.080664953660503
831,11,13,0,6,4.529809194588681
832,11,14,0,6,5.021496699995669
833,11,15,0,6,5.707521920406202
834,12,13,0,6,3.0303035359305706e-18
835,12,14,0,6,5.271784907479675
836,12,15,0,6,4.1849305282267615
837,13,14,0,6,3.002295538959101
838,13,15,0,6,4.834465018396932
839,14,15,0,6,4.623780932110879
840,0,1,0,7,2.891712401429729
841,0,2,0,7,5.833353770195401
842,0,3,0,7,6.820058350835533
843,0,4,0,7,3.9297794692072587
844,0,5,0,7,5.61475398511467
845,0,6,0,7,3.7207713018153377
846,0,7,0,7,6.085027447986744
847,0,8,0,7,4.743400647757408
848,0,9,0,7,4.657003925857622
849,0,10,0,7,4.070010870547097
850,0,11,0,7,6.938638088826929
851,0,12,0,7,3.9670407620238373
852,0,13,0,7,5.272249289517242
853,0,14,0,7,3.5728340366243394
854,0,15,0,7,4.242773677734591
855,1,2,0,7,6.145535003345819
856,1,3,0,7,5.835855478239537
857,1,4,0,7,6.09238398213239
858,1,5,0,7,3.374785589848107
859,1,6,0,7,5.916556897337603
860,1,7,0,7,3.3288220638136417
861,1,8,0,7,6.638716829381006
862,1,9,0,7,7.543195962988075
863,1,10,0,7,3.3936380039276535
864,1,11,0,7,4.956285559700974
865,1,12,0,7,4.020015351788718
866,1,13,0,7,3.9660576397979335
867,1,14,0,7,6.1117636395979895
868,1,15,0,7,4.58329802457247
869,2,3,0,7,5.43720911403477
870,2,4,0,7,3.0881537518947084
871,2,5,0,7,6.622997068358515
872,2,6,0,7,3.9984050318312456
873,2,7,0,7,6.309995798147251
874,2,8,0,7,4.956285559700972
875,2,9,0,7,4.060649565232895
876,2,10,0,7,4.660915014236534
877,2,11,0,7,6.638716829381004
878,2,12,0,7,3.983429310267578
879,2,13,0,7,4.2455462424441635
880,2,14,0,7,4.363927762449966
881,2,15,0,7,5.270977297942348
882,3,4,0,7,3.8514004426390156
883,3,5,0,7,6.081189967857217
884,3,6,0,7,3.461125281657225
885,3,7,0,7,5.631237720327908
886,3,8,0,7,4.540047204714186
887,3,9,0,7,4.6760691113695385
888,3,10,0,7,3.6540212257593976
889,3,11,0,7,7.1942038245233375
890,3,12,0,7,4.259815805504046
891,3,13,0,7,5.83239536974868
892,3,14,0,7,4.018110838658965
893,3,15,0,7,3.8070197016612393
894,4,5,0,7,4.571516172605788
895,4,6,0,7,3.7316528523376453
896,4,7,0,7,3.7327299426524365
897,4,8,0,7,4.43551708715051
898,4,9,0,7,4.6532874145445575
899,4,10,0,7,3.0192867265523997
900,4,11,0,7,6.086771289330887
901,4,12,0,7,4.11950381324124
902,4,13,0,7,4.228952978925369
903,4,14,0,7,5.796817490425884
904,4,15,0,7,4.531197450060485
905,5,6,0,7,3.7161192373627525
906,5,7,0,7,3.7331205791808557
907,5,8,0,7,3.3628591272731496
908,5,9,0,7,4.880220216083012
909,5,10,0,7,4.596494838261146
910,5,11,0,7,3.7903749615767985
911,5,12,0,7,5.907157224733921
912,5,13,0,7,5.138879299629598
913,5,14,0,7,4.117443373247764
914,5,15,0,7,5.194788043983266
915,6,7,0,7,4.475657883174167
916,6,8,0,7,3.7903749615768
917,6,9,0,7,2.7346975201791954
918,6,10,0,7,5.744517717903938
919,6,11,0,7,3.3628591272731496
920,6,12,0,7,4.971089305619281
921,6,13,0,7,4.834780765814298
922,6,14,0,7,4.233020496387534
923,6,15,0,7,4.892776523586207
924,7,8,0,7,3.6515920824342305
925,7,9,0,7,3.789702081584572
926,7,10,0,7,3.383773429839701
927,7,11,0,7,4.860895233027649
928,7,12,0,7,4.75327734040657
929,7,13,0,7,4.71320496986218
930,7,14,0,7,4.113432955931503
931,7,15,0,7,5.448823346570233
932,8,9,0,7,5.661300698532066
933,8,10,0,7,4.989959671172413
934,8,11,0,7,5.344190994718388
935,8,12,0,7,4.851135814024214
936,8,13,0,7,3.826047505555209
937,8,14,0,7,4.07941376075155
938,8,15,0,7,2.6117056890646255
939,9,10,0,7,4.7969416634253
940,9,11,0,7,3.010294615072662
941,9,12,0,7,5.697554129027056
942,9,13,0,7,3.944226951264406
943,9,14,0,7,5.181296585816534
944,9,15,0,7,4.0737141559483305
945,10,11,0,7,5.536955000314967
946,10,12,0,7,4.000892806422513
947,10,13,0,7,4.712913035254978
948,10,14,0,7,5.46051210514189
949,10,15,0,7,3.145467834486425
950,11,12,0,7,4.71484356613798
951,11,13,0,7,2.615722050341343
952,11,14,0,7,4.517248441419875
953,11,15,0,7,3.826976951379749
954,12,13,0,7,3.489189021634478
955,12,14,0,7,5.26480050760317
956,12,15,0,7,5.563856989584447
957,13,14,0,7,3.7872907915246246
958,13,15,0,7,5.263364780839334
959,14,15,0,7,5.514488555300252
960,0,1,0,8,6.455576176597782
961,0,2,0,8,5.789810456404304
962,0,3,0,8,5.789810456126828
963,0,4,0,8,3.3744621854509287
964,0,5,0,8,3.3744621853433103
965,0,6,0,8,6.888113412424854
966,0,7,0,8,6.6239863849155105
967,0,8,0,8,4.720466073382059
968,0,9,0,8,4.742349328398683
969,0,10,0,8,4.684422816606037
970,0,11,0,8,3.2014027467289985
971,0,12,0,8,4.783942792241197
972,0,13,0,8,4.783942775856195
973,0,14,0,8,3.4895231963331854
974,0,15,0,8,5.832729781612767
975,1,2,0,8,2.3263050488878814
976,1,3,0,8,2.326305049009658
977,1,4,0,8,5.396357822712401
978,1,5,0,8,5.396357822169174
979,1,6,0,8,3.631172567957238
980,1,7,0,8,5.9236608990543935
981,1,8,0,8,7.197618008372694
982,1,9,0,8,4.18149609116842
983,1,10,0,8,5.524464885039507
984,1,11,0,8,7.260646970944875
985,1,12,0,8,5.53640067911675
986,1,13,0,8,5.536400678430608
987,1,14,0,8,5.834586086329629
988,1,15,0,8,4.814720778474921
989,2,3,0,8,5.924845053918827
990,2,4,0,8,4.838887070943332
991,2,5,0,8,4.838887071524003
992,2,6,0,8,6.456167903492954
993,2,7,0,8,5.615793397596891
994,2,8,0,8,5.134273777465152
995,2,9,0,8,4.685889428389103
996,2,10,0,8,4.742722425369865
997,2,11,0,8,3.644529951579106
998,2,12,0,8,5.834586095880999
999,2,13,0,8,5.834586086329627
1000,2,14,0,8,5.536400678430611
1001,2,15,0,8,4.7914121608744535
1002,3,4,0,8,3.6328319240897264
1003,3,5,0,8,3.6328319246919523
1004,3,6,0,8,6.297007560193258
1005,3,7,0,8,6.454142876717799
1006,3,8,0,8,5.5134213971185275
1007,3,9,0,8,3.20428797298802
1008,3,10,0,8,4.659175457565329
1009,3,11,0,8,4.728950963818916
1010,3,12,0,8,4.558588288313246
1011,3,13,0,8,4.558588294205868
1012,3,14,0,8,4.360688533248846
1013,3,15,0,8,5.275733251369009
1014,4,5,0,8,4.472213239863365
1015,4,6,0,8,3.542791552178154
1016,4,7,0,8,4.6370223227970255
1017,4,8,0,8,5.742661311124356
1018,4,9,0,8,2.5836570653779054
1019,4,10,0,8,3.7972628719545733
1020,4,11,0,8,5.859364825195064
1021,4,12,0,8,4.909414977385128
1022,4,13,0,8,4.909414957628645
1023,4,14,0,8,5.287368577068307
1024,4,15,0,8,4.709403710550483
1025,5,6,0,8,3.731564677679919
1026,5,7,0,8,3.496031708558721
1027,5,8,0,8,4.09256980694031
1028,5,9,0,8,5.068991100032966
1029,5,10,0,8,6.095164371681482
1030,5,11,0,8,3.775331477836683
1031,5,12,0,8,5.597852595552784
1032,5,13,0,8,5.5978525925486435
1033,5,14,0,8,4.742047596055303
1034,5,15,0,8,2.615635113216425
1035,6,7,0,8,3.0303033697951428e-18
1036,6,8,0,8,3.654287367275075
1037,6,9,0,8,5.765625326477519
1038,6,10,0,8,4.797218627484686
1039,6,11,0,8,4.105066631420086
1040,6,12,0,8,4.7420476116107135
1041,6,13,0,8,4.742047596055302
1042,6,14,0,8,5.597852592548646
1043,6,15,0,8,4.126951525791872
1044,7,8,0,8,2.747867839619944
1045,7,9,0,8,5.873272335539931
1046,7,10,0,8,4.657648061911217
1047,7,11,0,8,2.5842159384288865
1048,7,12,0,8,4.114523846529882
1049,7,13,0,8,4.114523842623618
1050,7,14,0,8,3.507104295201343
1051,7,15,0,8,4.23390474152638
1052,8,9,0,8,3.1519718855595262
1053,8,10,0,8,4.098186609860115
1054,8,11,0,8,4.10494715666285
1055,8,12,0,8,5.107342744336672
1056,8,13,0,8,5.107342741106118
1057,8,14,0,8,4.914911546027838
1058,8,15,0,8,5.8170382223138795
1059,9,10,0,8,4.986125677442442
1060,9,11,0,8,5.358950826555053
1061,9,12,0,8,4.506730671727521
1062,9,13,0,8,4.506730651587234
1063,9,14,0,8,5.8637268303989964
1064,9,15,0,8,3.8560766102066193
1065,10,11,0,8,4.65885745234834
1066,10,12,0,8,4.9149115415273315
1067,10,13,0,8,4.914911546247183
1068,10,14,0,8,5.107342741671275
1069,10,15,0,8,5.020348085344984
1070,11,12,0,8,5.818691220460421
1071,11,13,0,8,5.8186912100956025
1072,11,14,0,8,5.707521924392157
1073,11,15,0,8,5.1118379475753155
1074,12,13,0,8,5.118982604727959
1075,12,14,0,8,4.184930525258605
1076,12,15,0,8,3.0024762939296226
1077,13,14,0,8,4.834465016739953
1078,13,15,0,8,5.563757142059324
1079,14,15,0,8,4.1308963828071753e-16
1080,0,1,0,9,6.442188687582858
1081,0,2,0,9,2.6098249005896395
1082,0,3,0,9,2.6098249012583676
1083,0,4,0,9,6.0925333494949445
1084,0,5,0,9,6.092533349303542
1085,0,6,0,9,4.838950241659466
1086,0,7,0,9,6.197255011919
1087,0,8,0,9,6.632635711958367
1088,0,9,0,9,4.083082783441108
1089,0,10,0,9,5.1341750187711055
1090,0,11,0,9,6.711626842855258
1091,0,12,0,9,4.012891791061129
1092,0,13,0,9,4.0128917906964015
1093,0,14,0,9,4.242773677699513
1094,0,15,0,9,7.077342254670529
1095,1,2,0,9,6.821168481407688
1096,1,3,0,9,6.82116848112977
1097,1,4,0,9,3.998405031579115
1098,1,5,0,9,3.9984050318312465
1099,1,6,0,9,6.622997068358513
1100,1,7,0,9,6.084855901952902
1101,1,8,0,9,4.2027060259662905
1102,1,9,0,9,4.660915014236534
1103,1,10,0,9,3.211347698897779
1104,1,11,0,9,4.060649564669396
1105,1,12,0,9,5.2709772979423475
1106,1,13,0,9,5.270977297510165
1107,1,14,0,9,4.583298024153329
1108,1,15,0,9,4.559786664549069
1109,2,3,0,9,2.8917665035262035
1110,2,4,0,9,5.916556897513151
1111,2,5,0,9,5.916556897337603
1112,2,6,0,9,3.374785589848106
1113,2,7,0,9,6.35673439761633
1114,2,8,0,9,6.941215631526412
1115,2,9,0,9,3.3936380039276535
1116,2,10,0,9,4.720602534613715
1117,2,11,0,9,7.543195962594831
1118,2,12,0,9,4.583298024572467
1119,2,13,0,9,4.583298024153322
1120,2,14,0,9,5.270977297510166
1121,2,15,0,9,5.92201093317978
1122,3,4,0,9,6.18604341427375
1123,3,5,0,9,6.186043413780217
1124,3,6,0,9,4.0019236067537385
1125,3,7,0,9,6.0911531206528045
1126,3,8,0,9,6.714171949040656
1127,3,9,0,9,4.967623017518156
1128,3,10,0,9,4.209792077179323
1129,3,11,0,9,6.636281206688304
1130,3,12,0,9,3.57834592409129
1131,3,13,0,9,3.578345923722933
1132,3,14,0,9,3.807019701638212
1133,3,15,0,9,6.868250321138695
1134,4,5,0,9,4.572434689928681
1135,4,6,0,9,3.7319137996597003
1136,4,7,0,9,4.637609720907369
1137,4,8,0,9,5.069045775346805
1138,4,9,0,9,4.098216829863509
1139,4,10,0,9,2.1360903510073346
1140,4,11,0,9,5.706748983270104
1141,4,12,0,9,4.107800152894996
1142,4,13,0,9,4.1078001529067105
1143,4,14,0,9,4.531197449655882
1144,4,15,0,9,4.965545707936187
1145,5,6,0,9,4.883674861114824
1146,5,7,0,9,2.3545743756940403
1147,5,8,0,9,2.590144686797063
1148,5,9,0,9,5.744517717903941
1149,5,10,0,9,5.737719118783125
1150,5,11,0,9,2.734697520721538
1151,5,12,0,9,4.892776523586202
1152,5,13,0,9,4.892776523584146
1153,5,14,0,9,5.194788044010881
1154,5,15,0,9,4.722203001303122
1155,6,7,0,9,2.9943003023632206
1156,6,8,0,9,3.0138564389555396
1157,6,9,0,9,4.596494838261146
1158,6,10,0,9,4.438577334616569
1159,6,11,0,9,4.880220216053804
1160,6,12,0,9,5.194788043983269
1161,6,13,0,9,5.194788044010881
1162,6,14,0,9,4.892776523584148
1163,6,15,0,9,3.498517388260264
1164,7,8,0,9,5.7055816081248025
1165,7,9,0,9,3.770847293939258
1166,7,10,0,9,4.886085036255759
1167,7,11,0,9,5.06946123610133
1168,7,12,0,9,5.798596081998152
1169,7,13,0,9,5.79859608161567
1170,7,14,0,9,5.4488233465489095
1171,7,15,0,9,5.133672458684042
1172,8,9,0,9,5.547067725412784
1173,8,10,0,9,5.376145282388876
1174,8,11,0,9,4.112498556048054
1175,8,12,0,9,3.1454678349497764
1176,8,13,0,9,3.14546783497355
1177,8,14,0,9,2.611705689014342
1178,8,15,0,9,5.189983606793352
1179,9,10,0,9,4.992244625633407
1180,9,11,0,9,4.049078843997734
1181,9,12,0,9,4.508410246769035
1182,9,13,0,9,4.508410246726781
1183,9,14,0,9,4.0737141559766155
1184,9,15,0,9,2.6056769977369414
1185,10,11,0,9,5.661300698534825
1186,10,12,0,9,2.611705688531712
1187,10,13,0,9,2.6117056884814316
1188,10,14,0,9,3.1454678345102063
1189,10,15,0,9,4.518209426845459
1190,11,12,0,9,4.003040613918191
1191,11,13,0,9,4.003040613903694
1192,11,14,0,9,3.8269769513915266
1193,11,15,0,9,3.7887457688093362
1194,12,13,0,9,5.515985768282654
1195,12,14,0,9,5.563856989574368
1196,12,15,0,9,3.8007540836013973
1197,13,14,0,9,5.26336478085557
1198,13,15,0,9,5.561378472388584
1199,14,15,0,9,3.4856406389011414
1200,0,1,0,10,6.391785233738813
1201,0,2,0,10,6.118561894680139
1202,0,3,0,10,6.054773930000643
1203,0,4,0,10,5.388193477123133
1204,0,5,0,10,4.800453934829488
1205,0,6,0,10,3.6306441106907643
1206,0,7,0,10,6.888113411453393
1207,0,8,0,10,7.198928873770675
1208,0,9,0,10,5.217286887519046
1209,0,10,0,10,3.201402746840267
1210,0,11,0,10,7.257928862171176
1211,0,12,0,10,5.538476600803453
1212,0,13,0,10,5.448463166239704
1213,0,14,0,10,4.945074551930013
1214,0,15,0,10,4.563796321391763
1215,1,2,0,10,5.847826451423757
1216,1,3,0,10,5.784416439470596
1217,1,4,0,10,5.615793397596895
1218,1,5,0,10,3.4596877257486747
1219,1,6,0,10,3.8541871091822832
1220,1,7,0,10,3.631172567356795
1221,1,8,0,10,3.644529951579106
1222,1,9,0,10,4.742722425369866
1223,1,10,0,10,7.2606469714104644
1224,1,11,0,10,5.134273777465151
1225,1,12,0,10,5.447851956881689
1226,1,13,0,10,4.791412138832702
1227,1,14,0,10,3.579776259206008
1228,1,15,0,10,4.261085384633868
1229,2,3,0,10,5.9178059342483715
1230,2,4,0,10,5.923660899054391
1231,2,5,0,10,3.8541871091822792
1232,2,6,0,10,3.4596877257486733
1233,2,7,0,10,6.456167904053939
1234,2,8,0,10,7.260646970944878
1235,2,9,0,10,5.5244648850395075
1236,2,10,0,10,3.644529952102011
1237,2,11,0,10,7.197618008372693
1238,2,12,0,10,3.4967173228119233
1239,2,13,0,10,4.814720778065839
1240,2,14,0,10,4.290872321616239
1241,2,15,0,10,3.811873967699906
1242,3,4,0,10,5.9056981352901525
1243,3,5,0,10,3.3214684707351814
1244,3,6,0,10,3.375699161519466
1245,3,7,0,10,6.29700755922147
1246,3,8,0,10,6.933375867158693
1247,3,9,0,10,5.158804890751268
1248,3,10,0,10,4.728950962850371
1249,3,11,0,10,7.545563024729038
1250,3,12,0,10,4.58161268700331
1251,3,13,0,10,6.111218604751855
1252,3,14,0,10,4.4777047786139645
1253,3,15,0,10,4.786269304419064
1254,4,5,0,10,3.0303033293177233e-18
1255,4,6,0,10,2.3537341051849405
1256,4,7,0,10,3.542791552414134
1257,4,8,0,10,4.857366968714746
1258,4,9,0,10,4.274382315353659
1259,4,10,0,10,5.859364825670694
1260,4,11,0,10,5.769173089754226
1261,4,12,0,10,3.913739396050213
1262,4,13,0,10,5.913506854905156
1263,4,14,0,10,2.616920252025571
1264,4,15,0,10,4.119677257497436
1265,5,6,0,10,4.6370223227025615
1266,5,7,0,10,3.7315646768151973
1267,5,8,0,10,4.105066631420087
1268,5,9,0,10,4.797218627484689
1269,5,10,0,10,3.775331476987281
1270,5,11,0,10,3.654287367275076
1271,5,12,0,10,3.6504568216825097
1272,5,13,0,10,4.1269515133782315
1273,5,14,0,10,4.714052927123855
1274,5,15,0,10,5.8117683974400745
1275,6,7,0,10,4.474112940006364
1276,6,8,0,10,3.7753314778366844
1277,6,9,0,10,6.095164371681485
1278,6,10,0,10,4.10506663124521
1279,6,11,0,10,4.0925698069403085
1280,6,12,0,10,3.3227738694222575
1281,6,13,0,10,2.615635101161426
1282,6,14,0,10,5.454155255542651
1283,6,15,0,10,3.912371950404673
1284,7,8,0,10,6.0902594680936275
1285,7,9,0,10,4.6039963249116544
1286,7,10,0,10,2.5842159378810603
1287,7,11,0,10,4.791217794394332
1288,7,12,0,10,4.729778010735668
1289,7,13,0,10,5.197538559708153
1290,7,14,0,10,3.6541803575950325
1291,7,15,0,10,4.904271948355014
1292,8,9,0,10,3.1552929091679416
1293,8,10,0,10,4.104947155694986
1294,8,11,0,10,5.14712824049626
1295,8,12,0,10,5.697531183294293
1296,8,13,0,10,5.020348082891826
1297,8,14,0,10,4.610619717538476
1298,8,15,0,10,5.862767292876666
1299,9,10,0,10,5.358950826892354
1300,9,11,0,10,2.9712985671711287
1301,9,12,0,10,3.794059456964847
1302,9,13,0,10,3.8143132464997653
1303,9,14,0,10,4.920539757768818
1304,9,15,0,10,4.606884521124327
1305,10,11,0,10,5.291101333888251
1306,10,12,0,10,4.763484178520063
1307,10,13,0,10,5.817038214064088
1308,10,14,0,10,4.50934815199809
1309,10,15,0,10,5.452531693960363
1310,11,12,0,10,4.915751023773274
1311,11,13,0,10,4.763938313930591
1312,11,14,0,10,3.937717811731591
1313,11,15,0,10,4.519232773997565
1314,12,13,0,10,5.519702276316578
1315,12,14,0,10,1.3557189461167176
1316,12,15,0,10,4.835810774557643
1317,13,14,0,10,4.189069650834516
1318,13,15,0,10,1.3557189461167196
1319,14,15,0,10,5.519702276316589
1320,0,1,0,11,6.5523618825735435
1321,0,2,0,11,6.820058351113453
1322,0,3,0,11,5.8333537699184035
1323,0,4,0,11,6.310029111020675
1324,0,5,0,11,3.9960978828934763
1325,0,6,0,11,3.089673838924771
1326,0,7,0,11,4.838950241079261
1327,0,8,0,11,4.657003925563285
1328,0,9,0,11,3.6473011606068844
1329,0,10,0,11,6.711626843293214
1330,0,11,0,11,5.142553695745818
1331,0,12,0,11,6.86689106554672
1332,0,13,0,11,3.8039486188044287
1333,0,14,0,11,4.5828903192546395
1334,0,15,0,11,3.986794091283434
1335,1,2,0,11,5.835855478517458
1336,1,3,0,11,6.14553500327579
1337,1,4,0,11,6.356734397616332
1338,1,5,0,11,3.9309535002103835
1339,1,6,0,11,3.7192697030654704
1340,1,7,0,11,6.6229970688956055
1341,1,8,0,11,7.543195962594831
1342,1,9,0,11,4.720602534613713
1343,1,10,0,11,4.060649565232894
1344,1,11,0,11,6.941215631526411
1345,1,12,0,11,4.363927767447804
1346,1,13,0,11,5.922010940783633
1347,1,14,0,11,3.9834293108567405
1348,1,15,0,11,4.2455462424439485
1349,2,3,0,11,6.389259215445862
1350,2,4,0,11,6.084855901952904
1351,2,5,0,11,3.719269703065472
1352,2,6,0,11,3.9309535002103817
1353,2,7,0,11,3.3747855899559625
1354,2,8,0,11,4.060649564669397
1355,2,9,0,11,3.2113476988977787
1356,2,10,0,11,7.543195962988072
1357,2,11,0,11,4.20270602596629
1358,2,12,0,11,6.111763622579109
1359,2,13,0,11,4.559786673774831
1360,2,14,0,11,4.020015351372681
1361,2,15,0,11,3.966057639796282
1362,3,4,0,11,6.892613979051313
1363,3,5,0,11,4.829804409964893
1364,3,6,0,11,4.162616825347709
1365,3,7,0,11,4.001923606500918
1366,3,8,0,11,4.676069111889621
1367,3,9,0,11,4.053822010464373
1368,3,10,0,11,6.636281207158074
1369,3,11,0,11,5.209446829348774
1370,3,12,0,11,7.076783060755423
1371,3,13,0,11,4.24373258310483
1372,3,14,0,11,5.53956910637446
1373,3,15,0,11,4.296231987784836
1374,4,5,0,11,2.9803505932745575
1375,4,6,0,11,3.46728897785245
1376,4,7,0,11,3.7319138000917675
1377,4,8,0,11,4.653287414921512
1378,4,9,0,11,3.3772449833621723
1379,4,10,0,11,5.706748983265677
1380,4,11,0,11,4.6052225755594405
1381,4,12,0,11,5.131961419903019
1382,4,13,0,11,5.445447088366976
1383,4,14,0,11,4.720534343343991
1384,4,15,0,11,3.3181937191230464
1385,5,6,0,11,4.6384503760857445
1386,5,7,0,11,4.883674860381269
1387,5,8,0,11,4.880220216053806
1388,5,9,0,11,4.438577334616569
1389,5,10,0,11,2.7346975201791928
1390,5,11,0,11,3.013856438955541
1391,5,12,0,11,4.233020517498843
1392,5,13,0,11,3.4985173961890275
1393,5,14,0,11,4.971089305620487
1394,5,15,0,11,4.8347807662303355
1395,6,7,0,11,2.948728946790499
1396,6,8,0,11,2.734697520721541
1397,6,9,0,11,5.737719118783123
1398,6,10,0,11,4.880220216083013
1399,6,11,0,11,2.5901446867970637
1400,6,12,0,11,4.117443368371891
1401,6,13,0,11,4.722202974558659
1402,6,14,0,11,5.907157224731887
1403,6,15,0,11,5.1388793000456445
1404,7,8,0,11,3.7897020811544393
1405,7,9,0,11,3.0136398228239543
1406,7,10,0,11,5.0694612366047345
1407,7,11,0,11,4.261093228629921
1408,7,12,0,11,4.969430520687665
1409,7,13,0,11,4.534620515198333
1410,7,14,0,11,3.9155283757317654
1411,7,15,0,11,5.6031880015256315
1412,8,9,0,11,5.255674229420988
1413,8,10,0,11,4.112498555728964
1414,8,11,0,11,4.988000291579547
1415,8,12,0,11,5.460512104888958
1416,8,13,0,11,4.518209428589739
1417,8,14,0,11,4.000892806012514
1418,8,15,0,11,4.71291303467514
1419,9,10,0,11,4.04907884429713
1420,9,11,0,11,4.100381849087732
1421,9,12,0,11,3.1372492168886774
1422,9,13,0,11,5.454383279122382
1423,9,14,0,11,4.5211341551642175
1424,9,15,0,11,5.813642321586426
1425,10,11,0,11,5.257012726440669
1426,10,12,0,11,4.079413758521103
1427,10,13,0,11,5.189983587875606
1428,10,14,0,11,4.851135814478133
1429,10,15,0,11,3.826047505965232
1430,11,12,0,11,3.8590511068033195
1431,11,13,0,11,5.87085768870072
1432,11,14,0,11,3.149263269596601
1433,11,15,0,11,4.856600490297402
1434,12,13,0,11,5.23276316148512
1435,12,14,0,11,3.004625413263992
1436,12,15,0,11,4.952405840797544
1437,13,14,0,11,5.127845707992297
1438,13,15,0,11,3.0046898147197387
1439,14,15,0,11,5.233846983519928
